ID,Question,Answer1,Answer2,Answer3
1,Tell me about your experience as an accountant.,I have over 5 years of experience in accounting.,I have 2 years of experience as an accountant.,I am a recent graduate with a degree in accounting.
2,What accounting software are you proficient in?,I am proficient in QuickBooks and Xero.,I am proficient in Excel and Google Sheets.,I am not proficient in any accounting software.
3,How do you ensure accuracy in financial statements and reports?,I meticulously review and reconcile all transactions.,I rely on automated software for accuracy.,I don't pay much attention to accuracy.
4,Can you explain the difference between accrual and cash accounting?,Accrual accounting recognizes revenue when earned, not when received. Cash accounting records revenue when received.,Accrual accounting is for businesses.
5,What is the role of the Generally Accepted Accounting Principles (GAAP)?,GAAP provides a standardized framework for financial reporting.,GAAP is only relevant for large corporations.,GAAP is a set of tax regulations.
6,How do you handle financial audits?,I prepare all necessary documentation and cooperate with auditors.,I avoid audits whenever possible.,I have never been involved in a financial audit.
7,What is the importance of reconciling bank statements?,Reconciling bank statements helps identify errors and discrepancies in financial records.,Reconciling bank statements is not necessary.,Reconciling bank statements is only for personal finances.
8,Describe your experience with budgeting and forecasting.,I have experience creating and managing budgets and forecasts.,I have some experience with budgeting and forecasting.,I have no experience with budgeting and forecasting.
9,How do you handle depreciation and amortization in financial statements?,I use depreciation and amortization to allocate the cost of assets over their useful life.,I don't deal with depreciation and amortization.,I expense all assets in the year of purchase.
10,Can you explain the concept of double-entry accounting?,Double-entry accounting records every financial transaction with two entries: a debit and a credit.,Double-entry accounting is the same as single-entry accounting.,I'm not familiar with double-entry accounting.
11,How do you stay updated on changes in tax laws and regulations?,I regularly attend tax seminars and follow updates from tax authorities.,I don't stay updated on tax laws.,I rely on my colleagues to inform me of changes.
12,What financial metrics do you typically analyze for a business?,I analyze metrics such as profit margins, liquidity ratios, and return on investment.
13,How do you deal with accounts receivable and accounts payable?,I manage accounts receivable to ensure prompt payment and handle accounts payable efficiently.,I don't deal with accounts receivable and accounts payable.,I'm unfamiliar with these terms.
14,Have you worked with international accounting standards (IFRS)?,Yes I have experience with IFRS.,I have never worked with IFRS.
15,Explain the concept of the time value of money.,The time value of money is the idea that money today is worth more than the same amount in the future.,The time value of money doesn't affect financial decisions.,I don't understand the concept of the time value of money.
16,How do you assess and manage financial risk?,I use various risk assessment techniques and implement risk management strategies.,I don't think about financial risk.,I let others handle financial risk.
17,What accounting software integrations have you worked with?,I have experience with integrating accounting software with CRM and inventory management systems.,I have no experience with software integrations.,I'm not familiar with software integrations.
18,Describe your experience with cost accounting.,I have experience in cost accounting and cost allocation methods.,I don't have experience in cost accounting.,I'm not sure what cost accounting is.
19,How do you ensure compliance with tax laws and regulations?,I stay updated on tax laws, maintain accurate records, and follow tax guidelines.
20,Can you discuss your experience with internal controls and fraud prevention?,I have experience implementing internal controls and fraud prevention measures.,I have no experience in internal controls and fraud prevention.,I don't think fraud prevention is necessary.
21,What is the role of a balance sheet in financial reporting?,A balance sheet provides a snapshot of a company's financial position at a specific point in time.,A balance sheet is used for budgeting.,I'm not familiar with balance sheets.
22,How do you handle foreign exchange transactions and currency risk?,I use hedging and other strategies to manage currency risk in foreign exchange transactions.,I don't handle foreign exchange transactions.,I'm not familiar with currency risk.
23,Explain the difference between a profit and loss statement and a balance sheet.,A profit and loss statement shows a company's income and expenses over a period, while a balance sheet provides a snapshot of assets, and equity at a point in time.
24,How do you calculate Earnings Before Interest and Taxes (EBIT)?,EBIT is calculated as revenue minus operating expenses.,I don't know how to calculate EBIT.,I've never heard of EBIT.
25,What is the significance of the cash flow statement?,The cash flow statement shows how cash flows in and out of a company over a specific period.,The cash flow statement is not important for financial analysis.,I'm not familiar with cash flow statements.
26,How do you calculate and interpret financial ratios like the current ratio and quick ratio?,I calculate these ratios by dividing current assets by current liabilities and current assets minus inventory by current liabilities, respectively. I use them to assess a company's liquidity.,I don't use financial ratios in my work.,
27,Have you worked on financial statement consolidation?,Yes, I have experience with consolidating financial statements for multi-entity companies.,I have never worked on financial statement consolidation.
28,Describe your experience with financial modeling.,I have experience building financial models for forecasting and decision-making.,I have no experience with financial modeling.,I'm not sure what financial modeling entails.
29,How do you prepare for an external financial audit?,I ensure all financial records are organized, accurate, and ready for the audit process.
30,Can you explain the concept of financial leverage?,Financial leverage involves using debt to increase the return on equity.,I'm not familiar with financial leverage.,Financial leverage is not relevant in accounting.
31,How do you allocate overhead costs in a manufacturing company?,I use cost allocation methods based on activity-based costing to allocate overhead costs to products or services.,I don't deal with overhead costs.,I'm not sure how overhead costs are allocated.
32,What is the role of a Certified Public Accountant (CPA)?,A CPA is a licensed accounting professional who can provide audit and tax services to the public.,A CPA is not required for accounting jobs.,I'm not sure what a CPA does.
33,How do you handle intercompany transactions and eliminations?,I ensure intercompany transactions are properly recorded and eliminated in consolidated financial statements.,I don't handle intercompany transactions.,I'm not familiar with intercompany eliminations.
34,Describe your experience with inventory valuation methods.,I have experience with FIFO, LIFO, and weighted average methods for valuing inventory.
35,How do you manage fixed assets and depreciation schedules?,I maintain accurate fixed asset registers and calculate depreciation using various methods.,I don't handle fixed assets and depreciation schedules.,I'm not sure how to manage fixed assets.
36,Explain the concept of revenue recognition.,Revenue recognition is the process of recognizing revenue when it's earned and realizable.,Revenue recognition is not important in accounting.,I don't understand the concept of revenue recognition.
37,Have you been involved in mergers and acquisitions from an accounting perspective?,Yes, I have experience with accounting for mergers and acquisitions.,I have no experience in M&A accounting.
38,How do you handle financial disclosures in financial statements?,I ensure all required financial disclosures are included in financial statements, following accounting standards.,I don't pay attention to financial disclosures.
39,What is the difference between financial accounting and managerial accounting?,Financial accounting focuses on external reporting, while managerial accounting focuses on internal decision-making.,Financial accounting and managerial accounting are the same.
40,Can you discuss your experience with cost allocation methods?,I have experience with direct and indirect cost allocation methods.,I don't have experience with cost allocation methods.,I'm not sure what cost allocation methods are.
41,How do you handle the accounting for stock options and equity compensation?,I account for stock options using fair value methods and equity compensation using the appropriate accounting standards.,I don't handle stock options and equity compensation.,I'm not familiar with these concepts.
42,What is the role of a trial balance in the accounting process?,A trial balance is a tool used to ensure that the debits and credits in the general ledger are equal.,A trial balance is used for tax purposes.,I'm not sure of the role of a trial balance.
43,How do you handle bad debt expenses and allowances for doubtful accounts?,I calculate bad debt expenses and maintain allowances for doubtful accounts to account for potential losses on accounts receivable.,I don't deal with bad debt expenses and allowances.,I'm not familiar with these concepts.
44,Describe your experience with tax planning and strategy.,I have experience in tax planning and strategy to minimize tax liabilities.,I don't deal with tax planning and strategy.,I'm not familiar with tax planning.
45,How do you assess the financial health of a company?,I analyze financial statements, ratios, and cash flow to assess a company's financial health.
46,Can you explain the concept of goodwill in accounting?,Goodwill represents the intangible value of a company, often arising from acquisitions.,I don't understand the concept of goodwill.
47,What is the significance of the statement of cash flows?,The statement of cash flows shows how cash is generated and used in a business, providing insight into a company's liquidity.,The statement of cash flows is not important in accounting.
48,How do you calculate and interpret return on investment (ROI)?,ROI is calculated as (Net Profit / Investment) x 100%. It measures the profitability of an investment.,I don't calculate ROI.,I'm not familiar with ROI.
49,Have you been involved in the implementation of accounting systems?,Yes, I have experience in implementing accounting software and systems.,I have no experience in system implementation.
50,Describe your experience with financial statement analysis.,I have experience in analyzing financial statements to assess a company's performance and make recommendations.,I don't have experience with financial statement analysis.,I'm not sure how to analyze financial statements.
51,How do you ensure compliance with the Sarbanes-Oxley Act (SOX)?,I implement internal controls, document processes, and ensure compliance with SOX regulations.
52,What is the role of a financial statement footnotes and disclosures?,Footnotes and disclosures provide additional information and context to financial statements.,Financial statement footnotes and disclosures are not necessary.,I'm not sure what footnotes and disclosures are.
53,How do you handle revenue recognition for long-term contracts?,I use the percentage-of-completion or completed-contract method as appropriate.,I don't handle revenue recognition for contracts.,I'm not familiar with revenue recognition for contracts.
54,Can you explain the concept of FIFO and LIFO inventory costing methods?,FIFO (First-In, First-Out) and LIFO (Last-In, First-Out) are methods used to value inventory based on the order in which it's acquired.
55,Describe your experience with internal auditing.,I have experience in conducting internal audits to evaluate internal controls and compliance.,I don't have experience with internal auditing.,I'm not sure what internal auditing entails.
56,How do you maintain and reconcile fixed asset ledgers?,I maintain accurate fixed asset ledgers and reconcile them to ensure they align with the general ledger.,I don't maintain fixed asset ledgers.,I'm not familiar with fixed asset ledgers.
57,What is the role of a cost of goods sold (COGS) statement?,The COGS statement shows the direct costs associated with the production of goods sold by a company.,The COGS statement is used for tax purposes.,I'm not sure what the COGS statement does.
58,How do you handle financial statement restatements?,I follow accounting guidelines to correct errors and make financial statement restatements when necessary.,I don't believe in financial statement restatements.,I'm not sure when restatements are needed.
59,Explain the concept of a 10-K report.,A 10-K report is an annual report filed with the SEC that provides comprehensive information about a company's financial performance.,I'm not familiar with 10-K reports.,A 10-K report is the same as a balance sheet.
60,How do you manage bookkeeping and data entry tasks?,I accurately record financial transactions and maintain organized books.,I don't handle bookkeeping and data entry.,I'm not sure how to manage bookkeeping tasks.
61,Can you discuss your experience with transfer pricing?,I have experience in managing transfer pricing to comply with tax regulations.,I don't have experience with transfer pricing.,I'm not familiar with transfer pricing.
62,What is the role of financial statement analysis in decision-making?,Financial statement analysis provides insights for making informed business decisions.,Financial statement analysis is not relevant for decision-making.,I'm not sure what the role of financial statement analysis is.
63,How do you deal with inventory shrinkage and obsolescence?,I account for inventory shrinkage and obsolescence in financial statements.,I don't address inventory shrinkage and obsolescence.,I'm not familiar with these concepts.
64,Describe your experience with transfer pricing documentation.,I have experience in preparing transfer pricing documentation to comply with tax regulations.,I don't have experience with transfer pricing documentation.,I'm not familiar with transfer pricing documentation.
65,How do you handle the accounting for government grants and subsidies?,I account for government grants and subsidies in accordance with accounting standards.,I don't handle government grants and subsidies.,I'm not sure how to account for them.
66,What is the role of data analytics in accounting?,Data analytics is used to identify patterns and trends in financial data, aiding in decision-making and fraud detection.,Data analytics is not relevant in accounting.
67,How do you ensure compliance with international tax regulations?,I stay informed about international tax regulations and ensure compliance in financial reporting.,I don't worry about international tax compliance.,I'm not familiar with international tax regulations.
68,Can you explain the concept of the materiality threshold in auditing?,Materiality is the threshold at which an error or misstatement in financial statements becomes significant enough to impact decision-making.,I don't understand the concept of materiality in auditing.,Materiality has no role in auditing.
69,Describe your experience with risk assessment in financial statements.,I conduct risk assessments to identify and mitigate potential financial risks.,I don't conduct risk assessments.,I'm not sure how to assess financial risks.
70,How do you handle the accounting for employee benefits and pensions?,I account for employee benefits and pensions in compliance with accounting standards.,I don't handle employee benefits and pensions.,I'm not familiar with these concepts.
71,What is the role of internal controls in preventing financial fraud?,Internal controls are mechanisms to safeguard assets and prevent financial fraud.,I don't think internal controls are necessary.,I'm not sure what internal controls do.
72,How do you manage financial data for multiple entities within a corporation?,I consolidate financial data and use accounting systems for multi-entity reporting.,I don't deal with financial data for multiple entities.,I'm not sure how to manage data for multiple entities.
73,Explain the concept of the economic order quantity (EOQ) in inventory management.,EOQ is the optimal order quantity that minimizes total inventory holding and ordering costs.,I don't understand the concept of EOQ.,EOQ is not relevant in inventory management.
74,How do you handle financial reporting for non-profit organizations?,I follow specialized accounting standards and report on the financial performance and transparency of non-profit organizations.,I don't handle financial reporting for non-profit organizations.,I'm not familiar with non-profit accounting.
75,Can you discuss your experience with fair value accounting (ASC 820)?,I have experience applying fair value accounting standards (ASC 820) to measure and report fair values of assets and liabilities.,I don't have experience with fair value accounting (ASC 820).,I'm not familiar with fair value accounting standards.
76,What is the role of financial planning and analysis (FP&A) in accounting?,FP&A involves budgeting, forecasting, and financial analysis to support decision-making.
77,How do you ensure compliance with the International Financial Reporting Standards (IFRS)?,I ensure that financial reporting is in line with IFRS and stay updated on changes to the standards.,I don't worry about IFRS compliance.,I'm not familiar with IFRS.
78,Describe your experience with forensic accounting and fraud investigation.,I have experience in forensic accounting and conducting fraud investigations to uncover financial irregularities.,I don't have experience in forensic accounting and fraud investigation.,I'm not familiar with these concepts.
79,How do you handle the accounting for foreign currency translation (ASC 830)?,I apply the guidance of ASC 830 to account for foreign currency transactions and translation.,I don't deal with foreign currency translation.,I'm not familiar with ASC 830.
80,What is the role of continuous professional development in accounting?,Continuous professional development involves staying updated and enhancing accounting skills and knowledge.,Continuous professional development is not important in accounting.,I'm not sure of the role of continuous professional development.
81,How do you communicate financial information effectively to non-accounting stakeholders?,I use clear and concise language to convey financial information to non-accounting stakeholders.,I don't communicate with non-accounting stakeholders.,I struggle to communicate financial information to non-accounting stakeholders.
82,Tell me about your experience as an accountant.,I have over 5 years of experience in accounting.,I have 2 years of experience as an accountant.,I am a recent graduate with a degree in accounting.
83,What accounting software are you proficient in?,I am proficient in QuickBooks and Xero.,I am proficient in Excel and Google Sheets.,I am not proficient in any accounting software.
84,How do you ensure accuracy in financial statements and reports?,I meticulously review and reconcile all transactions.,I rely on automated software for accuracy.,I don't pay much attention to accuracy.
85,Can you explain the difference between accrual and cash accounting?,Accrual accounting recognizes revenue when earned, not when received. Cash accounting records revenue when received.,Accrual accounting is for businesses.
86,What is the role of the Generally Accepted Accounting Principles (GAAP)?,GAAP provides a standardized framework for financial reporting.,GAAP is only relevant for large corporations.,GAAP is a set of tax regulations.
87,How do you handle financial audits?,I prepare all necessary documentation and cooperate with auditors.,I avoid audits whenever possible.,I have never been involved in a financial audit.
88,What is the importance of reconciling bank statements?,Reconciling bank statements helps identify errors and discrepancies in financial records.,Reconciling bank statements is not necessary.,Reconciling bank statements is only for personal finances.
89,Describe your experience with budgeting and forecasting.,I have experience creating and managing budgets and forecasts.,I have some experience with budgeting and forecasting.,I have no experience with budgeting and forecasting.
90,How do you handle depreciation and amortization in financial statements?,I use depreciation and amortization to allocate the cost of assets over their useful life.,I don't deal with depreciation and amortization.,I expense all assets in the year of purchase.
91,Can you explain the concept of double-entry accounting?,Double-entry accounting records every financial transaction with two entries: a debit and a credit.,Double-entry accounting is the same as single-entry accounting.,I'm not familiar with double-entry accounting.
92,How do you stay updated on changes in tax laws and regulations?,I regularly attend tax seminars and follow updates from tax authorities.,I don't stay updated on tax laws.,I rely on my colleagues to inform me of changes.
93,What financial metrics do you typically analyze for a business?,I analyze metrics such as profit margins, liquidity ratios, and return on investment.
94,How do you deal with accounts receivable and accounts payable?,I manage accounts receivable to ensure prompt payment and handle accounts payable efficiently.,I don't deal with accounts receivable and accounts payable.,I'm unfamiliar with these terms.
95,Have you worked with international accounting standards (IFRS)?,Yes, I have experience with IFRS.,I have never worked with IFRS.
96,Explain the concept of the time value of money.,The time value of money is the idea that money today is worth more than the same amount in the future.,The time value of money doesn't affect financial decisions.,I don't understand the concept of the time value of money.
97,How do you assess and manage financial risk?,I use various risk assessment techniques and implement risk management strategies.,I don't think about financial risk.,I let others handle financial risk.
98,What accounting software integrations have you worked with?,I have experience with integrating accounting software with CRM and inventory management systems.,I have no experience with software integrations.,I'm not familiar with software integrations.
99,Describe your experience with cost accounting.,I have experience in cost accounting and cost allocation methods.,I don't have experience in cost accounting.,I'm not sure what cost accounting is.
100,How do you ensure compliance with tax laws and regulations?,I stay updated on tax laws, maintain accurate records, and follow tax guidelines.
101,What is the significance of the statement of changes in equity?,The statement of changes in equity shows how the equity of a company changes over time.,The statement of changes in equity is not important in financial reporting.,I'm not familiar with the statement of changes in equity.
102,How do you handle financial reporting for a partnership?,I prepare financial reports specific to partnership accounting, including the allocation of profits and losses.,I don't handle financial reporting for partnerships.
103,Can you explain the concept of the working capital formula?,Working capital is calculated as current assets minus current liabilities, representing a company's short-term financial health.,I'm not familiar with the concept of working capital.
104,Describe your experience with cost-volume-profit (CVP) analysis.,I have experience using CVP analysis to evaluate the impact of cost and volume changes on a company's profitability.,I don't have experience with CVP analysis.,I'm not familiar with CVP analysis.
105,How do you handle revenue recognition for long-term contracts?,I use the percentage-of-completion or completed-contract method as appropriate.,I don't handle revenue recognition for contracts.,I'm not familiar with revenue recognition for contracts.
106,What is the role of a Statement of Financial Position?,A Statement of Financial Position is another term for a balance sheet, providing a snapshot of a company's financial position at a specific point in time.,I'm not sure what a Statement of Financial Position is.
107,How do you ensure compliance with the Foreign Corrupt Practices Act (FCPA)?,I implement policies and procedures to ensure compliance with the FCPA and conduct regular training for employees.,I don't worry about FCPA compliance.,I'm not familiar with the FCPA.
108,Can you explain the concept of revenue recognition under ASC 606?,Revenue recognition under ASC 606 involves recognizing revenue when control of a promised good or service is transferred to the customer.,I'm not familiar with ASC 606.,Revenue recognition under ASC 606 is the same as any other accounting standard.
109,What is the role of a Cash Flow Statement?,The Cash Flow Statement shows how cash flows in and out of a company over a specific period.,I'm not sure what the Cash Flow Statement does.,The Cash Flow Statement is used for budgeting.
110,How do you handle the accounting for stock options and equity compensation?,I account for stock options using fair value methods and equity compensation using the appropriate accounting standards.,I don't handle stock options and equity compensation.,I'm not familiar with these concepts.
111,Explain the concept of financial modeling.,Financial modeling involves creating mathematical representations of a company's financial performance to make informed decisions.,I don't have experience with financial modeling.,I'm not familiar with financial modeling.
112,What is the significance of the statement of cash flows?,The statement of cash flows shows how cash is generated and used in a business, providing insight into a company's liquidity.,I'm not familiar with the statement of cash flows.
113,How do you calculate and interpret return on assets (ROA)?,ROA is calculated as net income divided by total assets, and it measures a company's profitability in relation to its assets.,I'm not familiar with ROA.
114,Describe your experience with financial due diligence for acquisitions.,I have experience in conducting financial due diligence to assess the financial health and risks of potential acquisitions.,I don't have experience with financial due diligence.,I'm not sure what financial due diligence involves.
115,How do you handle the accounting for leases under ASC 842?,I account for leases in accordance with ASC 842 by recognizing lease liabilities and right-of-use assets on the balance sheet.,I don't handle the accounting for leases.,I'm not familiar with ASC 842.
116,What is the role of a Certified Management Accountant (CMA)?,A CMA is a certified professional specializing in management accounting and financial management.,A CMA is not relevant in accounting.,I'm not sure what a CMA does.
117,How do you allocate indirect costs in a manufacturing company?,I use activity-based costing (ABC) to allocate indirect costs based on cost drivers, providing a more accurate allocation of costs.,I don't handle the allocation of indirect costs.
118,What is the role of a Statement of Comprehensive Income?,A Statement of Comprehensive Income shows the changes in equity during a period from transactions and other events and circumstances, excluding owner contributions and distributions.,I'm not sure what a Statement of Comprehensive Income is.
119,How do you handle revenue recognition for software subscriptions?,I recognize revenue for software subscriptions ratably over the subscription period in compliance with applicable accounting standards.,I don't handle revenue recognition for software subscriptions.,I'm not familiar with software subscription revenue recognition.
120,Can you explain the concept of the cost of goods sold (COGS)?,COGS represents the direct costs associated with the production of goods sold by a company.,I'm not familiar with the concept of COGS.,COGS is the same as gross profit.
121,What is the significance of the statement of comprehensive income?,The statement of comprehensive income shows the changes in equity during a period from transactions and other events and circumstances, excluding owner contributions and distributions.,I'm not sure what the statement of comprehensive income is.
122,How do you handle revenue recognition for software subscriptions?,I recognize revenue for software subscriptions ratably over the subscription period in compliance with applicable accounting standards.,I don't handle revenue recognition for software subscriptions.,I'm not familiar with software subscription revenue recognition.
123,Can you explain the concept of the cost of goods sold (COGS)?,COGS represents the direct costs associated with the production of goods sold by a company.,I'm not familiar with the concept of COGS.,COGS is the same as gross profit.
124,What is the role of a Chief Financial Officer (CFO) in a company?,A CFO is responsible for managing a company's financial strategy, planning,A CFO only handles day-to-day financial transactions.
125,How do you ensure compliance with the Tax Cuts and Jobs Act (TCJA)?,I keep up to date with TCJA regulations and implement necessary changes to tax planning and reporting.,I don't worry about TCJA compliance.,I'm not familiar with the TCJA.
126,Can you explain the concept of the capital budgeting process?,Capital budgeting is the process of evaluating and selecting long-term investment projects for a company.,I'm not familiar with the concept of capital budgeting.,Capital budgeting is the same as a regular budget.
127,What is the role of a Controller in a company's finance department?,A Controller oversees the accounting department and financial reporting functions within a company.,A Controller is responsible for marketing and sales activities.,I'm not sure what a Controller does.
128,How do you handle financial risk assessment and mitigation?,I use various risk assessment techniques and implement risk management strategies to mitigate financial risks.,I don't think about financial risk assessment and mitigation.,I leave risk assessment and mitigation to others.
129,What is the significance of the income statement in financial reporting?,The income statement shows a company's revenues and expenses, providing insight into its profitability over a specific period.,The income statement is not important for financial reporting.
130,How do you calculate and interpret the quick ratio?,The quick ratio is calculated as (Current Assets - Inventory) / Current Liabilities and measures a company's ability to cover its short-term liabilities with its most liquid assets.,I'm not familiar with the quick ratio.,The quick ratio is the same as the current ratio.
131,Describe your experience with forensic accounting and fraud detection.,I have experience in forensic accounting, identifying financial irregularities and conducting fraud investigations.,I don't have experience with forensic accounting and fraud detection.
132,How do you manage the accounting for employee benefits and pension plans?,I account for employee benefits and pension plans in compliance with accounting standards, recognizing and measuring these obligations.,I don't handle accounting for employee benefits and pension plans.
133,What is the role of a Financial Analyst in a company?,A Financial Analyst analyzes financial data, prepares reports, and offers recommendations to support financial decision-making.
134,How do you ensure compliance with the Health Insurance Portability and Accountability Act (HIPAA) in financial reporting?,I implement policies and procedures to safeguard protected health information in compliance with HIPAA regulations.,I don't worry about HIPAA compliance in financial reporting.,I'm not familiar with HIPAA regulations.
135,Can you explain the concept of the DuPont Analysis?,DuPont Analysis breaks down return on equity (ROE) into its component parts, allowing for a more detailed evaluation of a company's financial performance.,I'm not familiar with the concept of DuPont Analysis.
136,What is the role of a Certified Internal Auditor (CIA) in a company?,A CIA is responsible for conducting internal audits, evaluating internal controls, and ensuring compliance with internal and external regulations.
137,How do you handle financial data analysis using Excel or other tools?,I use Excel and other data analysis tools to perform in-depth financial data analysis, including pivot tables, data modeling and advanced functions.
138,What is the significance of the Statement of Retained Earnings?,The Statement of Retained Earnings shows changes in retained earnings over a specific period, reconciling the beginning and ending balances.,I'm not sure what the Statement of Retained Earnings is.
139,How do you handle financial statement restatements in case of errors or misstatements?,I follow accounting guidelines to correct errors and make financial statement restatements when necessary.,I don't believe in financial statement restatements.,I'm not sure when restatements are needed.
140,Explain the concept of the cost of quality (COQ) in accounting.,The cost of quality (COQ) represents the total costs incurred to prevent, detect, and correct defects or errors in a company's products or processes.
141,What is the role of a Certified Public Accountant (CPA) in a company?,A CPA is a certified professional who can provide audit and tax services to the public.,A CPA is not required for accounting jobs.,I'm not sure what a CPA does.
142,How do you handle intercompany transactions and eliminations?,I ensure intercompany transactions are properly recorded and eliminated in consolidated financial statements.,I don't handle intercompany transactions.,I'm not familiar with intercompany eliminations.
143,Describe your experience with inventory valuation methods.,I have experience with FIFO, LIFO, and weighted average methods for valuing inventory.
144,How do you manage fixed assets and depreciation schedules?,I maintain accurate fixed asset registers and calculate depreciation using various methods.,I don't handle fixed assets and depreciation schedules.,I'm not sure how to manage fixed assets.
145,Explain the concept of revenue recognition.,Revenue recognition is the process of recognizing revenue when it's earned and realizable.,Revenue recognition is not important in accounting.,I don't understand the concept of revenue recognition.
146,Have you been involved in mergers and acquisitions from an accounting perspective?,Yes, I have experience with accounting for mergers and acquisitions.,No I have no experience in M&A accounting.
147,How do you handle financial disclosures in financial statements?,I ensure all required financial disclosures are included in financial statements, following accounting standards.,I don't pay attention to financial disclosures.
148,What is the difference between financial accounting and managerial accounting?,Financial accounting focuses on external reporting, while managerial accounting focuses on internal decision-making.,Financial accounting and managerial accounting are the same.
149,Can you discuss your experience with cost allocation methods?,I have experience with direct and indirect cost allocation methods.,I don't have experience with cost allocation methods.,I'm not sure what cost allocation methods are.
150,How do you handle the accounting for stock options and equity compensation?,I account for stock options using fair value methods and equity compensation using the appropriate accounting standards.,I don't handle stock options and equity compensation.,I'm not familiar with these concepts.
151,What is the role of a trial balance in the accounting process?,A trial balance is a tool used to ensure that the debits and credits in the general ledger are equal.,A trial balance is used for tax purposes.,I'm not sure of the role of a trial balance.
152,How do you handle bad debt expenses and allowances for doubtful accounts?,I calculate bad debt expenses and maintain allowances for doubtful accounts to account for potential losses on accounts receivable.,I don't deal with bad debt expenses and allowances.,I'm not familiar with these concepts.
153,Describe your experience with tax planning and strategy.,I have experience in tax planning and strategy to minimize tax liabilities.,I don't deal with tax planning and strategy.,I'm not familiar with tax planning.
154,How do you assess the financial health of a company?,I analyze financial statements, ratios, and cash flow to assess a company's financial health.
155,Can you explain the concept of goodwill in accounting?,Goodwill represents the intangible value of a company, often arising from acquisitions.,I don't understand the concept of goodwill.
156,What is the significance of the statement of cash flows?,The statement of cash flows shows how cash is generated and used in a business, providing insight into a company's liquidity.,The statement of cash flows is not important in accounting.
157,How do you calculate and interpret return on investment (ROI)?,ROI is calculated as (Net Profit / Investment) x 100%. It measures the profitability of an investment.,I don't calculate ROI.,I'm not familiar with ROI.
158,Have you been involved in the implementation of accounting systems?,Yes, I have experience in implementing accounting software and systems.,No I have no experience in system implementation.
159,Describe your experience with financial statement analysis.,I have experience in analyzing financial statements to assess a company's performance and make recommendations.,I don't have experience with financial statement analysis.,I'm not sure how to analyze financial statements.
160,How do you ensure compliance with the Sarbanes-Oxley Act (SOX)?,I implement internal controls, document processes, and ensure compliance with SOX regulations.,
161,How do you handle foreign currency transactions and translation?,I account for foreign currency transactions, use appropriate exchange rates, and translate foreign subsidiary financials according to accounting standards.
162,What is the role of a financial reporting analyst in a corporate setting?,A financial reporting analyst prepares, reviews, and verifies financial reports for accuracy and compliance with accounting standards.
163,How do you handle lease accounting under the new ASC 842 standard?,I account for leases under ASC 842 by recognizing lease liabilities and right-of-use assets on the balance sheet.,I don't handle lease accounting under ASC 842.,I'm not familiar with ASC 842.
164,Can you explain the concept of the Economic Value Added (EVA) in financial analysis?,Economic Value Added (EVA) measures a company's financial performance by calculating the difference between its net operating profit and the cost of capital.,I'm not familiar with the concept of Economic Value Added (EVA).,EVA is the same as net income.
165,What is the significance of the Statement of Stockholders' Equity?,The Statement of Stockholders' Equity shows changes in the equity accounts of a company, including common stock, retained earnings and additional paid-in capital.
166,How do you handle financial statement preparation for nonprofit organizations?,I follow specialized accounting standards and report on the financial performance and transparency of nonprofit organizations.,I don't handle financial statement preparation for nonprofits.,I'm not familiar with nonprofit accounting.
167,Explain the concept of the time value of money in investment analysis.,The time value of money (TVM) is the concept that money available today is worth more than the same amount in the future due to its earning potential.,I'm not familiar with the concept of the time value of money.,TVM has no effect on investment decisions.
168,How do you ensure compliance with International Financial Reporting Standards (IFRS)?,I ensure that financial reporting is in line with IFRS and stay updated on changes to the standards.,I don't worry about IFRS compliance.,I'm not familiar with IFRS.
169,Describe your experience with forensic accounting and fraud investigation.,I have experience in forensic accounting and conducting fraud investigations to uncover financial irregularities.,I don't have experience in forensic accounting and fraud investigation.,I'm not familiar with these concepts.
170,How do you handle the accounting for foreign currency translation (ASC 830)?,I apply the guidance of ASC 830 to account for foreign currency transactions and translation.,I don't deal with foreign currency translation.,I'm not familiar with ASC 830.
171,What is the role of continuous professional development in accounting?,Continuous professional development involves staying updated and enhancing accounting skills and knowledge.,Continuous professional development is not important in accounting.,I'm not sure of the role of continuous professional development.
172,How do you communicate financial information effectively to non-accounting stakeholders?,I use clear and concise language to convey financial information to non-accounting stakeholders.,I don't communicate with non-accounting stakeholders.,I struggle to communicate financial information to non-accounting stakeholders.
173,Tell me about your experience as an accountant.,I have over 5 years of experience in accounting.,I have 2 years of experience as an accountant.,I am a recent graduate with a degree in accounting.
174,What accounting software are you proficient in?,I am proficient in QuickBooks and Xero.,I am proficient in Excel and Google Sheets.,I am not proficient in any accounting software.
175,How do you ensure accuracy in financial statements and reports?,I meticulously review and reconcile all transactions.,I rely on automated software for accuracy.,I don't pay much attention to accuracy.
176,Can you explain the difference between accrual and cash accounting?,Accrual accounting recognizes revenue when earned, not when received. Cash accounting records revenue when received.,Accrual accounting is for businesses while cash accounting is for individuals.
177,What is the role of the Generally Accepted Accounting Principles (GAAP)?,GAAP provides a standardized framework for financial reporting.,GAAP is only relevant for large corporations.,GAAP is a set of tax regulations.
178,How do you handle financial audits?,I prepare all necessary documentation and cooperate with auditors.,I avoid audits whenever possible.,I have never been involved in a financial audit.
179,What is the importance of reconciling bank statements?,Reconciling bank statements helps identify errors and discrepancies in financial records.,Reconciling bank statements is not necessary.,Reconciling bank statements is only for personal finances.
180,Describe your experience with budgeting and forecasting.,I have experience creating and managing budgets and forecasts.,I have some experience with budgeting and forecasting.,I have no experience with budgeting and forecasting.
181,How do you handle the accounting for mergers and acquisitions (M&A)?,I handle M&A accounting by conducting due diligence, recording purchase price allocation, and integrating financials of acquired entities.
182,Explain the concept of working capital and its significance in financial analysis.,Working capital is the difference between current assets and current liabilities, reflecting a company's operational liquidity.,I'm not familiar with the concept of working capital.
183,What is the role of a financial controller in a company?,A financial controller manages financial reporting, budgeting, and compliance within a company.
184,How do you ensure compliance with the Foreign Account Tax Compliance Act (FATCA)?,I implement procedures to ensure FATCA compliance, including reporting foreign financial accounts.,I don't worry about FATCA compliance.
185,Describe your experience with transfer pricing and intercompany transactions.,I have experience in setting transfer prices for intercompany transactions to comply with tax regulations.,I don't have experience with transfer pricing and intercompany transactions.,I'm not familiar with these concepts.
186,How do you manage inventory control and reorder points?,I set optimal reorder points and use inventory control systems to manage stock levels efficiently.,I don't handle inventory control and reorder points.,I'm not sure how to manage inventory.
187,What is the role of a Financial Planning and Analysis (FP&A) professional in a company?,FP&A professionals are responsible for budgeting, forecasting, and financial analysis to support strategic decision-making.
188,How do you handle revenue recognition for long-term contracts and construction projects?,I recognize revenue for long-term contracts and construction projects using the percentage-of-completion method.,I don't handle revenue recognition for long-term contracts and construction projects.,I'm not familiar with these concepts.
189,Explain the concept of the Sharpe ratio in investment analysis.,The Sharpe ratio measures the risk-adjusted return of an investment, taking into account its volatility.,I'm not familiar with the concept of the Sharpe ratio.
190,What is the significance of the Statement of Changes in Equity in financial reporting?,The Statement of Changes in Equity shows how equity items such as common stock and retained earnings change over time.,I'm not sure what the Statement of Changes in Equity is for.,The Statement of Changes in Equity is used for tax purposes.
191,How do you handle the accounting for revenue from subscription-based services?,I recognize revenue from subscription-based services over the subscription period, ensuring compliance with accounting standards.,I don't handle accounting for subscription-based services.
192,What is the role of a Cost Accountant in a manufacturing company?,A Cost Accountant analyzes production costs, standard costs, and variances in a manufacturing environment.
193,How do you manage financial data for multiple entities within a corporation?,I consolidate financial data from multiple entities using accounting systems and reporting tools.,I don't deal with financial data for multiple entities.,I'm not sure how to manage data for multiple entities.
194,What is the significance of the Statement of Comprehensive Income in financial reporting?,The Statement of Comprehensive Income shows all changes in equity during a period, including items outside the income statement.,I'm not sure what the Statement of Comprehensive Income is for.
195,How do you handle financial reporting for government grants and subsidies?,I account for government grants and subsidies in accordance with accounting standards and track their utilization.,I don't handle financial reporting for government grants and subsidies.,I'm not sure how to account for them.
196,What is the role of data analytics in accounting?,Data analytics is used to identify patterns and trends in financial data, aiding in decision-making and fraud detection.,Data analytics is not relevant in accounting.
197,How do you ensure compliance with international tax regulations?,I stay informed about international tax regulations and ensure compliance in financial reporting.,I don't worry about international tax compliance.,I'm not familiar with international tax regulations.
198,Can you explain the concept of the materiality threshold in auditing?,Materiality is the threshold at which an error or misstatement in financial statements becomes significant enough to impact decision-making.,I don't understand the concept of materiality in auditing.,Materiality has no role in auditing.
199,Describe your experience with risk assessment in financial statements.,I conduct risk assessments to identify and mitigate potential financial risks.,I don't conduct risk assessments.,I'm not sure how to assess financial risks.
200,How do you handle the accounting for employee benefits and pensions?,I account for employee benefits and pensions in compliance with accounting standards.,I don't handle employee benefits and pensions.,I'm not familiar with these concepts.
201,How do you handle the accounting for revenue recognition in the software industry?,I recognize software revenue based on the delivery of software, support, and maintenance services.
202,What is the role of a Certified Fraud Examiner (CFE) in financial analysis?,A CFE is responsible for identifying and preventing fraudulent activities within financial data.,A CFE manages employee benefits.,I'm not sure what a CFE does.
203,How do you handle the accounting for research and development (R&D) costs?,I capitalize R&D costs when they meet specific criteria outlined in accounting standards.,I don't handle accounting for R&D costs.,I'm not familiar with R&D accounting.
204,Can you explain the concept of the debt-to-equity ratio in financial analysis?,The debt-to-equity ratio measures a company's financial leverage by comparing its debt to shareholders' equity.,I'm not familiar with the concept of the debt-to-equity ratio.,The debt-to-equity ratio is the same as the current ratio.
205,What is the role of a Chief Audit Executive (CAE) in an organization?,A CAE oversees the internal audit function, ensuring compliance and risk management within an organization.,A CAE manages external sales teams.
206,How do you handle accounting for inventory obsolescence?,I assess inventory for obsolescence and recognize the loss in value in accordance with accounting standards.,I don't handle accounting for inventory obsolescence.,I'm not sure how to account for inventory obsolescence.
207,What is the importance of the Statement of Financial Position in financial reporting?,The Statement of Financial Position provides a snapshot of a company's financial position at a specific point in time.,I'm not sure what the Statement of Financial Position is for.,The Statement of Financial Position is used for tax purposes.
208,How do you ensure compliance with the Affordable Care Act (ACA) in financial reporting?,I implement policies and procedures to ensure compliance with ACA regulations regarding healthcare reporting.,I don't worry about ACA compliance in financial reporting.,I'm not familiar with ACA regulations.
209,Describe your experience with financial modeling and sensitivity analysis.,I have experience in creating financial models and conducting sensitivity analysis to evaluate various financial scenarios.,I don't have experience with financial modeling and sensitivity analysis.,I'm not familiar with these concepts.
210,How do you manage the accounting for revenue from franchising and royalties?,I account for revenue from franchising and royalties in compliance with accounting standards, recognizing revenue as earned.,I don't handle accounting for franchising and royalties.
211,What is the role of an Internal Revenue Service (IRS) auditor in tax compliance?,An IRS auditor conducts audits to ensure individuals and organizations comply with tax laws and regulations.,An IRS auditor manages company marketing campaigns.,I'm not sure what an IRS auditor does.
212,How do you ensure compliance with the Financial Industry Regulatory Authority (FINRA) in accounting for financial services firms?,I implement FINRA compliance procedures and maintain accurate financial records for financial services firms.,I don't worry about FINRA compliance in accounting.,I'm not familiar with FINRA regulations.
213,Can you explain the concept of the Black-Scholes model in stock options valuation?,The Black-Scholes model is used to calculate the theoretical value of stock options based on factors like the stock price, option strike price and time to expiration.,I'm not familiar with the concept of the Black-Scholes model.
214,What is the role of a Certified Information Systems Auditor (CISA) in an organization?,A CISA is responsible for assessing and ensuring the security and reliability of an organization's information systems.,A CISA manages human resources and recruitment.,I'm not sure what a CISA does.
215,How do you handle the accounting for investments in marketable securities?,I account for investments in marketable securities at fair value and recognize gains or losses in accordance with accounting standards.,I don't handle accounting for investments in marketable securities.,I'm not familiar with these concepts.
216,Explain the concept of cost of capital in investment analysis.,The cost of capital represents the cost of financing a company's operations, including both debt and equity components.,I'm not familiar with the concept of cost of capital.
217,What is the role of a Chartered Accountant (CA) in an organization?,A Chartered Accountant is responsible for accounting, financial reporting, and tax compliance within an organization.
218,How do you handle accounting for financial derivatives and hedging instruments?,I account for financial derivatives and hedging instruments in compliance with accounting standards, recognizing their fair values and hedging effectiveness.,I don't handle accounting for financial derivatives and hedging instruments.
219,Can you explain the concept of the cost of sales in retail accounting?,The cost of sales represents the direct costs associated with producing the goods or services sold by a retail company.,I'm not familiar with the concept of cost of sales.,The cost of sales is the same as operating expenses.
220,What is the significance of the Statement of Changes in Equity in financial reporting?,The Statement of Changes in Equity shows how equity items such as common stock, retained earnings, and additional paid-in capital change over time.
221,How do you handle accounting for cryptocurrency transactions?,I account for cryptocurrency transactions by recognizing them at fair value and following accounting standards for digital assets.,I don't handle accounting for cryptocurrency transactions.,I'm not familiar with cryptocurrency accounting.
222,Describe your experience with environmental accounting and sustainability reporting.,I have experience in environmental accounting, calculating and reporting the environmental impact of a company's operations.,I don't have experience with environmental accounting and sustainability reporting.
223,How do you ensure compliance with the Dodd-Frank Wall Street Reform and Consumer Protection Act (Dodd-Frank Act)?,I implement policies and procedures to ensure compliance with Dodd-Frank Act regulations and financial reporting requirements.,I don't worry about Dodd-Frank Act compliance.,I'm not familiar with the Dodd-Frank Act.
224,What is the role of a Business Valuation Analyst in accounting?,A Business Valuation Analyst assesses the value of businesses and assets for various purposes such as mergers acquisitions or financial reporting.,A Business Valuation Analyst manages IT support for the company.,I'm not sure what a Business Valuation Analyst does.
225,How do you handle the accounting for foreign exchange gains and losses?,I recognize foreign exchange gains and losses in accordance with accounting standards including the treatment of translation adjustments.,I don't handle accounting for foreign exchange gains and losses.,I'm not sure how to account for them.
226,What is the significance of the Statement of Comprehensive Income in financial reporting?,The Statement of Comprehensive Income shows all changes in equity during a period including items outside the income statement.,I'm not sure what the Statement of Comprehensive Income is for.,The Statement of Comprehensive Income is used for tax purposes.
227,How do you manage financial data analytics for strategic decision-making?,I use financial data analytics to identify trends create forecasts and provide insights for strategic decision-making.,I don't use financial data analytics for decision-making.,I'm not familiar with data analytics.
228,What is the role of a Financial Risk Manager (FRM) in a company?,An FRM manages and assesses financial risks including market risk credit risk and operational risk.,An FRM is responsible for managing employee benefits.,I'm not sure what an FRM does.
229,How do you handle accounting for share-based compensation, such as stock options and restricted stock units (RSUs)? I account for share-based compensation by recognizing the fair value of stock options and RSUs and amortizing the expense over the vesting period.,I don't handle accounting for share-based compensation.,I'm not familiar with these concepts.
230,Explain the concept of the Price-Earnings (P/E) ratio in stock analysis.,The Price-Earnings (P/E) ratio compares a company's stock price to its earnings per share and is used to assess its valuation.,I'm not familiar with the concept of the P/E ratio.,The P/E ratio is the same as the dividend yield.
231,What is the role of a Financial Planner in personal finance?,A Financial Planner provides guidance and advice on personal financial planning including budgeting investments and retirement planning.,A Financial Planner is responsible for facility maintenance.,I'm not sure what a Financial Planner does.
232,How do you ensure compliance with the European Union's General Data Protection Regulation (GDPR) in accounting?,I implement data protection policies and procedures to ensure GDPR compliance in financial reporting.,I don't worry about GDPR compliance.,I'm not familiar with GDPR regulations.
233,Describe your experience with accounting for employee stock purchase plans (ESPPs).,I have experience in accounting for ESPPs including recognizing and reporting the compensation expense associated with them.,I don't have experience with ESPP accounting.,I'm not familiar with these concepts.
234,How do you handle the accounting for stock splits and reverse stock splits?,I account for stock splits by adjusting the number of shares and the stock's par value in accordance with accounting standards.,I don't handle accounting for stock splits.,I'm not sure how to account for them.
235,What is the significance of the Statement of Cash Flows in financial reporting?,The Statement of Cash Flows shows how cash is generated and used in a business providing insight into a company's liquidity.,I'm not sure what the Statement of Cash Flows is for.,The Statement of Cash Flows is used for tax purposes.
236,How do you ensure compliance with the Payment Card Industry Data Security Standard (PCI DSS) in financial reporting?,I implement data security measures to ensure PCI DSS compliance when handling payment card data in financial reporting.,I don't worry about PCI DSS compliance.,I'm not familiar with PCI DSS regulations.
237,What is the role of a Treasury Analyst in a corporate finance department?,A Treasury Analyst manages cash flow investments and financial risk within a company.,A Treasury Analyst is responsible for customer service operations.,I'm not sure what a Treasury Analyst does.
238,How do you handle accounting for intangible assets, such as patents and trademarks? I account for intangible assets by recognizing them at cost and amortizing them over their useful lives.,I don't handle accounting for intangible assets.,I'm not familiar with these concepts.
239,Explain the concept of the capital asset pricing model (CAPM) in investment analysis.,The CAPM is used to determine the expected return on an investment based on its risk and market conditions.,I'm not familiar with the concept of the CAPM.,The CAPM is the same as the return on investment.
240,What is the role of a Financial Reporting Manager in a company?,A Financial Reporting Manager oversees the preparation and filing of financial statements ensuring accuracy and compliance with accounting standards.,A Financial Reporting Manager is responsible for event planning and coordination.,I'm not sure what a Financial Reporting Manager does.
241,How do you handle the accounting for goodwill impairment?,I assess goodwill for impairment when indicators of impairment exist and recognize any impairment loss in accordance with accounting standards.,I don't handle accounting for goodwill impairment.,I'm not sure how to account for goodwill impairment.
242,What is the role of a Forensic Auditor in a company?,A Forensic Auditor investigates financial irregularities and potential fraud within a company collecting evidence for legal actions if necessary.,A Forensic Auditor manages company logistics and supply chain operations.,I'm not sure what a Forensic Auditor does.
243,How do you ensure compliance with the International Swaps and Derivatives Association (ISDA) in accounting for derivatives?,I implement ISDA compliance measures for accounting and financial reporting when handling derivatives and swaps.,I don't worry about ISDA compliance.,I'm not familiar with ISDA regulations.
244,Explain the concept of the modified internal rate of return (MIRR) in investment analysis.,The MIRR is a financial metric used to evaluate the profitability of an investment accounting for both reinvestment and financing costs.,I'm not familiar with the concept of the MIRR.,The MIRR is the same as the return on equity.
245,What is the role of a Government Accountant in a public sector organization?,A Government Accountant is responsible for managing financial records budgeting and financial reporting for government agencies.,A Government Accountant manages the company's public relations efforts.,I'm not sure what a Government Accountant does.
246,How do you handle accounting for leases under the new lease accounting standard (ASC 842)?,I account for leases under ASC 842 by recognizing lease liabilities and right-of-use assets on the balance sheet.,I don't handle accounting for leases under ASC 842.,I'm not familiar with ASC 842.
247,What is the significance of the Statement of Comprehensive Income in financial reporting?,The Statement of Comprehensive Income shows all changes in equity during a period including items outside the income statement.,I'm not sure what the Statement of Comprehensive Income is for.,The Statement of Comprehensive Income is used for tax purposes.
248,How do you ensure compliance with the Securities and Exchange Commission (SEC) regulations in financial reporting?,I follow SEC regulations to ensure accurate and transparent financial reporting for publicly traded companies.,I don't worry about SEC compliance.,I'm not familiar with SEC regulations.
249,Describe your experience with accounting for foreign subsidiaries and consolidation.,I have experience in accounting for foreign subsidiaries including the consolidation of their financial statements in accordance with accounting standards.,I don't have experience with accounting for foreign subsidiaries and consolidation.,I'm not familiar with these concepts.
250,How do you manage the accounting for software development costs?,I capitalize software development costs when specific criteria are met and amortize them over the software's useful life.,I don't handle accounting for software development costs.,I'm not sure how to account for them.
251,What is the role of a Financial Controller in a multinational corporation?,A Financial Controller oversees the financial management reporting and compliance of the corporation's global operations.,A Financial Controller is responsible for human resources management.,I'm not sure what a Financial Controller does.
252,How do you handle the accounting for long-term investments and equity method accounting?,I account for long-term investments using the equity method recognizing my share of the investee's earnings or losses in the income statement.,I don't handle accounting for long-term investments and equity method accounting.,I'm not familiar with these concepts.
253,Explain the concept of the working capital cycle in operational finance.,The working capital cycle is the time it takes to turn a company's current assets into cash to meet its short-term liabilities.,I'm not familiar with the concept of the working capital cycle.,The working capital cycle is the same as cash flow.
254,What is the role of an Environmental, Social and Governance (ESG) Analyst in a company? An ESG Analyst assesses and reports on the environmental social and governance performance of a company to investors and stakeholders.,An ESG Analyst is responsible for office supplies procurement.,I'm not sure what an ESG Analyst does.
255,How do you ensure compliance with the International Accounting Standards Board (IASB) in financial reporting?,I ensure that financial reporting follows IASB standards and keep updated on changes to the standards.,I don't worry about IASB compliance.,I'm not familiar with IASB standards.
256,Can you explain the concept of the Black-Litterman model in portfolio management?,The Black-Litterman model is used to combine investors' views with market equilibrium to determine an optimal portfolio allocation.,I'm not familiar with the concept of the Black-Litterman model.,The Black-Litterman model is the same as the Capital Asset Pricing Model (CAPM).
257,What is the role of a Management Accountant in an organization?,A Management Accountant provides financial data and analysis to support internal decision-making within an organization.,A Management Accountant manages the company's legal affairs.,I'm not sure what a Management Accountant does.
258,How do you handle accounting for income taxes and deferred tax assets/liabilities?,I account for income taxes including recognizing deferred tax assets and liabilities in compliance with accounting standards.,I don't handle accounting for income taxes and deferred tax assets/liabilities.,I'm not familiar with these concepts.
259,Explain the concept of the Modigliani-Miller Theorem in corporate finance.,The Modigliani-Miller Theorem states that under certain conditions the value of a firm is independent of its capital structure.,I'm not familiar with the concept of the Modigliani-Miller Theorem.,The Modigliani-Miller Theorem is the same as the efficient market hypothesis.
260,What is the role of a Financial Analyst in an investment bank?,A Financial Analyst analyzes financial data and market trends to support investment decisions and financial strategies within an investment bank.,A Financial Analyst manages the company's customer support department.,I'm not sure what a Financial Analyst does.
261,How do you ensure compliance with the European System of Central Banks (ESCB) in financial reporting for financial institutions?,I follow ESCB regulations and guidelines to ensure compliance in financial reporting for financial institutions.,I don't worry about ESCB compliance.,I'm not familiar with ESCB regulations.
262,Describe your experience with transfer pricing documentation and compliance.,I have experience in preparing and maintaining transfer pricing documentation to ensure compliance with tax regulations.,I don't have experience with transfer pricing documentation and compliance.,I'm not familiar with these concepts.
263,How do you handle accounting for investment property, such as real estate holdings? I account for investment property at fair value and recognize changes in fair value in accordance with accounting standards.,I don't handle accounting for investment property.,I'm not sure how to account for it.
264,What is the significance of the Statement of Changes in Equity in financial reporting?,The Statement of Changes in Equity shows how equity items such as common stock retained earnings and additional paid-in capital change over time.,I'm not sure what the Statement of Changes in Equity is for.,The Statement of Changes in Equity is used for tax purposes.
265,How do you manage financial data analytics for cost control and efficiency improvement?,I use financial data analytics to identify cost-saving opportunities and areas for operational improvement.,I don't use financial data analytics for cost control.,I'm not familiar with data analytics.
266,What is the role of an Actuary in an insurance company?,An Actuary assesses and manages financial risks associated with insurance policies and helps determine premium rates.,An Actuary manages the company's sales team.,I'm not sure what an Actuary does.
267,How do you ensure compliance with the Basel III framework in banking accounting?,I implement Basel III compliance measures to ensure capital adequacy and risk management in banking accounting.,I don't worry about Basel III compliance.,I'm not familiar with Basel III regulations.
268,Describe your experience with accounting for pensions and post-employment benefits.,I have experience in accounting for pensions and post-employment benefits including recognizing and reporting pension obligations and costs.,I don't have experience with accounting for pensions and post-employment benefits.,I'm not familiar with these concepts.
269,How do you handle the accounting for income recognition under the new revenue recognition standard (ASC 606)?,I account for revenue under ASC 606 by recognizing it when control of goods or services transfers to customers and using the five-step model.,I don't handle accounting for income recognition under ASC 606.,I'm not familiar with ASC 606.
270,What is the role of a Risk Manager in a financial institution?,A Risk Manager identifies assesses and manages financial risks to ensure the stability and security of the institution's operations.,A Risk Manager is responsible for managing the company's IT systems.,I'm not sure what a Risk Manager does.
271,How do you ensure compliance with the European Central Bank (ECB) regulations in financial reporting for European financial institutions?,I follow ECB regulations to ensure compliance in financial reporting for European financial institutions.,I don't worry about ECB compliance.,I'm not familiar with ECB regulations.
272,Explain the concept of the cost of goods sold (COGS) in retail accounting.,The cost of goods sold (COGS) represents the direct costs associated with producing the goods sold by a retail company.,I'm not familiar with the concept of COGS.,The COGS is the same as operating expenses.
273,What is the role of a Tax Accountant in a public accounting firm?,A Tax Accountant provides tax planning and compliance services for clients helping them optimize their tax positions.,A Tax Accountant manages the company's office administration and supplies procurement.,I'm not sure what a Tax Accountant does.
274,How do you handle accounting for stock-based compensation, such as stock grants and stock appreciation rights (SARs)? I account for stock-based compensation by recognizing the fair value of stock grants and SARs and amortizing the expense over the vesting period.,I don't handle accounting for stock-based compensation.,I'm not familiar with these concepts.
275,What is the significance of the Statement of Cash Flows in financial reporting?,The Statement of Cash Flows shows how cash is generated and used in a business providing insight into a company's liquidity.,I'm not sure what the Statement of Cash Flows is for.,The Statement of Cash Flows is used for tax purposes.
276,How do you ensure compliance with the Occupational Safety and Health Administration (OSHA) regulations in financial reporting for worker compensation and safety expenses?,I implement OSHA compliance measures to ensure that worker compensation and safety expenses are accurately reported in financial statements.,I don't worry about OSHA compliance.,I'm not familiar with OSHA regulations.
277,What is the role of a Cost Control Analyst in a manufacturing company?,A Cost Control Analyst assesses manufacturing costs and identifies opportunities to reduce expenses and improve efficiency.,A Cost Control Analyst is responsible for facility maintenance.,I'm not sure what a Cost Control Analyst does.
278,How do you handle accounting for intangible assets, such as trademarks and copyrights? I account for intangible assets by recognizing them at cost and amortizing them over their useful lives in compliance with accounting standards.,I don't handle accounting for intangible assets.,I'm not familiar with these concepts.
279,Explain the concept of the economic order quantity (EOQ) in inventory management.,The EOQ is an inventory control model that determines the optimal order quantity to minimize total inventory costs.,I'm not familiar with the concept of the EOQ.,The EOQ is the same as the reorder point.
280,What is the role of a Budget Analyst in a government agency?,A Budget Analyst prepares analyzes and manages budgets for government agencies to ensure fiscal responsibility and compliance with funding requirements.,A Budget Analyst manages the company's marketing campaigns.,I'm not sure what a Budget Analyst does.
281,How do you ensure compliance with the International Valuation Standards Council (IVSC) in accounting for asset valuation?,I follow IVSC standards and guidelines to ensure accurate asset valuation in financial reporting.,I don't worry about IVSC compliance.,I'm not familiar with IVSC standards.
282,Describe your experience with accounting for equity investments and fair value measurements.,I have experience in accounting for equity investments recognizing them at fair value and assessing fair value changes in compliance with accounting standards.,I don't have experience with accounting for equity investments and fair value measurements.,I'm not familiar with these concepts.
283,How do you handle accounting for business combinations and mergers under the new business combinations standard (ASC 805)?,I account for business combinations under ASC 805 by recognizing acquired assets and liabilities at fair value and determining goodwill.,I don't handle accounting for business combinations under ASC 805.,I'm not familiar with ASC 805.
284,What is the significance of the Statement of Changes in Equity in financial reporting?,The Statement of Changes in Equity shows how equity items including common stock and retained earnings change over time.,I'm not sure what the Statement of Changes in Equity is for.,The Statement of Changes in Equity is used for tax purposes.
285,How do you manage financial data analytics for fraud detection and prevention?,I use financial data analytics to detect patterns and anomalies that may indicate fraudulent activities and take preventive measures.,I don't use financial data analytics for fraud prevention.,I'm not familiar with data analytics.
286,What is the role of an Estate Planner in personal finance?,An Estate Planner helps individuals plan for the distribution of their assets and the management of their estates after their passing.,An Estate Planner manages the company's public relations efforts.,I'm not sure what an Estate Planner does.
287,How do you ensure compliance with the General Data Protection Regulation (GDPR) in financial reporting for companies with European operations?,I implement data protection measures to ensure GDPR compliance when handling European customer data in financial reporting.,I don't worry about GDPR compliance.,I'm not familiar with GDPR regulations.
288,Explain the concept of the Sharpe ratio in investment analysis.,The Sharpe ratio measures the risk-adjusted return of an investment taking into account its volatility.,I'm not familiar with the concept of the Sharpe ratio.,The Sharpe ratio is the same as the price-to-earnings ratio.
289,What is the role of an Auditor in an accounting firm?,An Auditor examines financial records and statements to ensure accuracy and compliance with accounting and auditing standards.,An Auditor manages the company's research and development activities.,I'm not sure what an Auditor does.
290,How do you handle accounting for foreign currency transactions and translation under the new foreign currency accounting standard (ASC 830)?,I account for foreign currency transactions and translation under ASC 830 by using the functional currency approach and recognizing translation adjustments in other comprehensive income.,I don't handle accounting for foreign currency transactions and translation under ASC 830.,I'm not familiar with ASC 830.
291,What is the significance of the Statement of Comprehensive Income in financial reporting?,The Statement of Comprehensive Income shows all changes in equity during a period including items outside the income statement.,I'm not sure what the Statement of Comprehensive Income is for.,The Statement of Comprehensive Income is used for tax purposes.
292,How do you ensure compliance with the Financial Industry Regulatory Authority (FINRA) in accounting for financial services firms?,I implement FINRA compliance measures and maintain accurate financial records for financial services firms.,I don't worry about FINRA compliance.,I'm not familiar with FINRA regulations.
293,Describe your experience with accounting for research and development (R&D) tax credits.,I have experience in accounting for R&D tax credits including identifying eligible expenses and preparing documentation for tax incentives.,I don't have experience with accounting for R&D tax credits.,I'm not familiar with these concepts.
294,How do you handle accounting for inventory valuation and cost flow assumptions?,I account for inventory valuation using cost flow assumptions like FIFO or LIFO following accounting standards for inventory measurement.,I don't handle accounting for inventory valuation and cost flow assumptions.,I'm not sure how to account for them.
295,What is the role of a Sustainability Analyst in an organization?,A Sustainability Analyst assesses and reports on the environmental and social impact of a company's operations to promote sustainability and responsible practices.,A Sustainability Analyst is responsible for maintaining office supplies and equipment.,I'm not sure what a Sustainability Analyst does.
296,How do you ensure compliance with the Sarbanes-Oxley Act (SOX) in financial reporting for public companies?,I implement internal controls and procedures to ensure compliance with the requirements of the Sarbanes-Oxley Act in financial reporting.,I don't worry about SOX compliance.,I'm not familiar with SOX regulations.
297,What is the role of a Risk Management Analyst in a financial institution?,A Risk Management Analyst assesses and manages financial risks to maintain the stability and security of the institution's operations.,A Risk Management Analyst is responsible for marketing and promotions.,I'm not sure what a Risk Management Analyst does.
298,How do you handle accounting for revenue recognition for long-term construction projects under the new revenue recognition standard (ASC 606)?,I account for revenue from long-term construction projects under ASC 606 by using the percentage-of-completion method and recognizing revenue as work progresses.,I don't handle accounting for revenue recognition for long-term construction projects under ASC 606.,I'm not familiar with ASC 606.
299,Describe your experience with accounting for asset impairment and recoverability tests.,I have experience in accounting for asset impairment conducting recoverability tests and recognizing impairment losses when assets' carrying amounts exceed their recoverable amounts.,I don't have experience with accounting for asset impairment and recoverability tests.,I'm not familiar with these concepts.
300,How do you ensure compliance with the Employee Retirement Income Security Act (ERISA) in financial reporting for employee benefit plans?,I implement ERISA compliance measures to ensure accurate financial reporting and disclosure for employee benefit plans.,I don't worry about ERISA compliance.,I'm not familiar with ERISA regulations.
301,What is the role of a Financial Analyst in a non-profit organization?,A Financial Analyst analyzes financial data and budgeting for non-profit organizations ensuring fiscal responsibility and transparency.,A Financial Analyst manages the company's public relations efforts.,I'm not sure what a Financial Analyst does.
302,How do you handle the accounting for investment property, such as real estate holdings? I account for investment property at fair value and recognize changes in fair value in accordance with accounting standards.,I don't handle accounting for investment property.,I'm not sure how to account for it.
303,What is the significance of the Statement of Changes in Equity in financial reporting?,The Statement of Changes in Equity shows how equity items including common stock and retained earnings change over time.,I'm not sure what the Statement of Changes in Equity is for.,The Statement of Changes in Equity is used for tax purposes.
304,How do you ensure compliance with the Generally Accepted Government Auditing Standards (GAGAS) in financial reporting for government entities?,I follow GAGAS to ensure compliance in financial reporting for government entities including conducting performance audits.,I don't worry about GAGAS compliance.,I'm not familiar with GAGAS regulations.
305,What is the role of a Tax Manager in a multinational corporation?,A Tax Manager manages the company's tax planning and compliance ensuring international tax laws are followed.,A Tax Manager is responsible for company facilities and maintenance.,I'm not sure what a Tax Manager does.
306,How do you handle accounting for income taxes and deferred tax assets/liabilities?,I account for income taxes including recognizing deferred tax assets and liabilities in compliance with accounting standards.,I don't handle accounting for income taxes and deferred tax assets/liabilities.,I'm not familiar with these concepts.
307,Explain the concept of the economic value added (EVA) in corporate finance.,Economic value added (EVA) is a measure of a company's financial performance that takes into account the cost of capital and represents the net wealth generated by the business.,I'm not familiar with the concept of EVA.,EVA is the same as return on investment.
308,What is the role of a Forensic Accountant in legal proceedings?,A Forensic Accountant provides financial expertise and analysis in legal cases investigating financial irregularities and fraud.,A Forensic Accountant manages public relations and marketing efforts for the company.,I'm not sure what a Forensic Accountant does.
309,How do you ensure compliance with the Committee of Sponsoring Organizations of the Treadway Commission (COSO) framework in internal control reporting?,I implement COSO framework principles to assess and enhance internal controls and ensure compliance with financial reporting requirements.,I don't worry about COSO framework compliance.,I'm not familiar with COSO regulations.
310,Describe your experience with accounting for employee stock options and share-based payments.,I have experience in accounting for employee stock options and share-based payments recognizing and reporting the related compensation expenses.,I don't have experience with accounting for employee stock options and share-based payments.,I'm not familiar with these concepts.
