Sr No,Question,Answer,Topic
1,What is data science?,"Data science is a multidisciplinary field that utilizes scientific methods, algorithms, processes, and systems to extract insights and knowledge from structured and unstructured data.",Introduction of Data Science
2,What are the key components of data science?,"The key components of data science include data collection, data cleaning, data analysis, machine learning, and data visualization.",Components of Data Science
3,How does data science differ from traditional statistics?,"While traditional statistics focuses on inference and hypothesis testing, data science encompasses a broader range of techniques including machine learning, big data technologies, and advanced computing for analyzing large and complex datasets.",Data Science vs Traditional Statistic
4, What is the CRISP-DM model in data science?,"CRISP-DM (Cross-Industry Standard Process for Data Mining) is a widely-used methodology in data science for guiding the stages of a data mining project, including business understanding, data understanding, data preparation, modeling, evaluation, and deployment.",CRISP-DM model
5,What are the main programming languages used in data science?,"Python and R are the two most commonly used programming languages in data science due to their rich libraries for data manipulation, analysis, and visualization.",programming languages used in data science
6,What is the difference between supervised and unsupervised learning?,"In supervised learning, the algorithm learns from labeled data, while in unsupervised learning, the algorithm identifies patterns from unlabeled data without explicit supervision.", supervised and unsupervised learning
7,What is overfitting in machine learning?,"Overfitting occurs when a machine learning model learns the training data too well, capturing noise or random fluctuations rather than the underlying pattern, leading to poor performance on unseen data.",overfitting
8,What techniques can be used to handle missing data in a dataset?,"Techniques for handling missing data include deletion of missing values, imputation (e.g., mean or median imputation), and using advanced methods such as k-nearest neighbors (KNN) imputation or multiple imputation.",handling missing data
9,How do you assess the performance of a classification model?,"Performance of classification models is typically evaluated using metrics such as accuracy, precision, recall, F1-score, and area under the ROC curve (AUC-ROC).",performance of a classification model
10,What is feature engineering in machine learning?," Feature engineering is the process of transforming raw data into features that better represent the underlying problem to the predictive models, improving model performance.",feature engineering
11,What is logistic regression in machine learning?,"Logistic regression is a statistical method used for binary classification tasks. It models the probability of a binary outcome based on one or more predictor variables.",logistic regression
12,What is the purpose of regularization in machine learning?,"Regularization is a technique used to prevent overfitting by adding a penalty term to the model's cost function, discouraging overly complex models.",regularization in machine learning
13,What is cross-validation in machine learning?,"Cross-validation is a technique used to assess how well a predictive model generalizes to an independent dataset by partitioning the training data into multiple subsets for training and validation.",cross-validation
14,What is deep learning?,"Deep learning is a subset of machine learning that utilizes neural networks with many layers (deep neural networks) to learn complex patterns from large amounts of data.",deep learning
15,What are hyperparameters in machine learning?,"Hyperparameters are parameters that are set prior to training a model and control the learning process. Examples include learning rate, regularization strength, and the number of hidden layers in a neural network.",hyperparameters
16,What is the difference between bagging and boosting?,"Bagging (Bootstrap Aggregating) and boosting are ensemble learning techniques. Bagging involves training multiple models independently and then combining their predictions, while boosting focuses on training a sequence of models, where each subsequent model corrects the errors of its predecessor.",bagging and boosting
17,What is the curse of dimensionality in machine learning?,"The curse of dimensionality refers to various phenomena that arise when analyzing and organizing data in high-dimensional spaces, often leading to computational challenges and difficulties in model training and generalization.",curse of dimensionality
18,What is a decision tree in machine learning?,"A decision tree is a supervised learning algorithm used for classification and regression tasks. It partitions the feature space into a tree-like structure, where each internal node represents a decision based on a feature and each leaf node represents a class label or a numerical value.",decision tree
19,What is ensemble learning?,"Ensemble learning is a machine learning technique that combines the predictions of multiple models to improve the overall performance and robustness.",ensemble learning
20,What is clustering in machine learning?,"Clustering is an unsupervised learning technique used to group similar data points together based on their features, with the goal of discovering inherent structures or patterns in the data.",clustering
21,What is the bias-variance tradeoff in machine learning?,"The bias-variance tradeoff is a fundamental concept in machine learning that describes the balance between a model's ability to capture the true underlying patterns in the data (bias) and its sensitivity to random variation in the training data (variance).",bias-variance tradeoff
22,What is transfer learning in deep learning?,"Transfer learning is a technique in deep learning where a pre-trained neural network model is reused as a starting point for a new task, often requiring less data and computation compared to training from scratch.",transfer learning
23,What is the K-nearest neighbors (KNN) algorithm?,"The K-nearest neighbors (KNN) algorithm is a simple and versatile supervised learning algorithm used for classification and regression tasks. It makes predictions based on the majority class or the average of the K nearest data points in the feature space.",K-nearest neighbors algorithm
24,What is the objective function in machine learning?,"The objective function, also known as the loss function or cost function, quantifies how well a model's predictions match the actual target values during training. It serves as a measure of the model's performance and is optimized during the learning process.",objective function
25,What is dimensionality reduction in machine learning?,"Dimensionality reduction is the process of reducing the number of random variables under consideration by obtaining a set of principal variables. It is often used to simplify complex datasets for easier visualization, analysis, and model training.",dimensionality reduction
26,What is the difference between precision and recall?,"Precision measures the fraction of relevant instances among the retrieved instances, while recall measures the fraction of relevant instances that have been retrieved over the total amount of relevant instances.",precision and recall
27,What is the ROC curve in machine learning?,"The ROC (Receiver Operating Characteristic) curve is a graphical plot that illustrates the diagnostic ability of a binary classifier system as its discrimination threshold is varied. It plots the true positive rate (sensitivity) against the false positive rate (1-specificity) for different threshold values.",ROC curve
28,What is a confusion matrix?,"A confusion matrix is a table that is often used to describe the performance of a classification model on a set of test data for which the true values are known. It allows visualization of the performance metrics such as accuracy, precision, recall, and F1-score.",confusion matrix
29,What is a support vector machine (SVM)?,"A support vector machine (SVM) is a powerful supervised learning algorithm used for classification and regression tasks. It finds the optimal hyperplane that best separates the classes in the feature space.",support vector machine (SVM)
30,What is a neural network?,"A neural network is a computational model inspired by the structure and function of the human brain. It consists of interconnected nodes (neurons) organized in layers, where each connection has an associated weight that is adjusted during the learning process.",neural network
31,What is gradient descent in machine learning?,"Gradient descent is an optimization algorithm used to minimize the loss function by iteratively moving in the direction of steepest descent with respect to the parameters (weights) of the model.",gradient descent
32,What is batch normalization in deep learning?,"Batch normalization is a technique used to improve the performance and stability of deep neural networks by normalizing the activations of each layer. It reduces internal covariate shift and allows higher learning rates.",batch normalization
33,What is a recurrent neural network (RNN)?,"A recurrent neural network (RNN) is a type of neural network architecture designed to process sequential data by maintaining a state or memory of previous inputs. It is commonly used in natural language processing, time series analysis, and other sequential tasks.",recurrent neural network (RNN)
34,What is the softmax function?,"The softmax function is a mathematical function that converts a vector of arbitrary real values into a probability distribution over multiple classes. It is often used as the output layer activation function in multiclass classification problems.",softmax function
35,What is the difference between generative and discriminative models?,"Generative models learn the joint probability distribution of the input features and the target labels, allowing for the generation of new samples, while discriminative models learn the conditional probability of the target labels given the input features.",generative and discriminative models
36,What is backpropagation in neural networks?,"Backpropagation is an algorithm used to train artificial neural networks by efficiently computing the gradients of the loss function with respect to the weights of the network. It propagates the error backward from the output layer to the input layer, adjusting the weights to minimize the loss.",backpropagation
37,What is dropout regularization in deep learning?,"Dropout regularization is a technique used to prevent overfitting in deep neural networks by randomly dropping out (setting to zero) a fraction of the units (neurons) during training, forcing the network to learn more robust features.",dropout regularization
38,What is a convolutional neural network (CNN)?,"A convolutional neural network (CNN) is a type of neural network architecture designed for processing structured grids of data, such as images. It applies convolutional filters to the input data to extract hierarchical representations.",convolutional neural network (CNN)
39,What is a recurrent neural network (RNN)?,"A recurrent neural network (RNN) is a type of neural network architecture designed to process sequential data by maintaining a state or memory of previous inputs. It is commonly used in natural language processing, time series analysis, and other sequential tasks.",recurrent neural network (RNN)
40,What is the ReLU activation function?,"The ReLU (Rectified Linear Unit) activation function is a piecewise linear function that outputs the input directly if it is positive, and zero otherwise. It is widely used in deep neural networks due to its simplicity and effectiveness.",ReLU activation function
41,What is the vanishing gradient problem in deep learning?,"The vanishing gradient problem occurs during the training of deep neural networks when the gradients of the loss function with respect to the weights become very small, leading to slow or no learning in the lower layers of the network.",vanishing gradient problem
42,What is the purpose of data preprocessing in machine learning?,"Data preprocessing is the process of cleaning, transforming, and organizing raw data into a format suitable for machine learning algorithms. It helps improve the quality and effectiveness of the models by addressing issues such as missing values, outliers, and feature scaling.",data preprocessing
43,What is a kernel in support vector machines?,"In support vector machines (SVM), a kernel is a function that computes the dot product between two vectors in a high-dimensional feature space. It allows SVMs to efficiently handle nonlinear classification tasks by implicitly mapping the input data into a higher-dimensional space.",kernel in support vector machines
44,What is the difference between batch gradient descent and stochastic gradient descent?,"Batch gradient descent computes the gradient of the loss function with respect to the parameters using the entire training dataset, while stochastic gradient descent computes the gradient using only one randomly chosen data point at a time. Mini-batch gradient descent is a compromise between the two, where the gradient is computed using a small subset of the training data.",batch gradient descent vs stochastic gradient descent
45,What is the difference between L1 and L2 regularization?,"L1 regularization adds a penalty term proportional to the absolute value of the weights to the loss function, encouraging sparsity in the model, while L2 regularization adds a penalty term proportional to the square of the weights, encouraging smaller weights and smoother models.",L1 vs L2 regularization
46,What is early stopping in machine learning?,"Early stopping is a regularization technique used to prevent overfitting by stopping the training process early based on the performance of the model on a validation dataset. It monitors the validation error and halts training when it starts to increase, indicating that the model is beginning to overfit.",early stopping
47,What is a learning rate in machine learning?,"The learning rate is a hyperparameter that controls the size of the steps taken during the optimization process. It determines how quickly or slowly the model learns from the training data and can affect the convergence and performance of the learning algorithm.",learning rate
48,What is the difference between generative and discriminative models?,"Generative models learn the joint probability distribution of the input features and the target labels, allowing for the generation of new samples, while discriminative models learn the conditional probability of the target labels given the input features.",generative and discriminative models
49,What is the difference between feature selection and feature extraction?,"Feature selection involves selecting a subset of the most relevant features from the original feature set, while feature extraction involves transforming the original features into a new set of features that better represent the underlying data.",feature selection vs feature extraction
50,What is the difference between bagging and boosting?,"Bagging (Bootstrap Aggregating) and boosting are ensemble learning techniques. Bagging involves training multiple models independently and then combining their predictions, while boosting focuses on training a sequence of models, where each subsequent model corrects the errors of its predecessor.",bagging and boosting
51,In Which Year Data Science is Introduce?,"In 1962, John Tukey described a field he called data analysis, which resembles modern data science. In 1985, in a lecture given to the Chinese Academy of Sciences in Beijing, C. F. Jeff Wu used the term data science for the first time as an alternative name for statistics.",Introduction of Data Science